id;prenom;nom;email;matricule;titre;num_tel;date_de_naissance;photo_de_profile;photo_de_profile_content_type
1;à l'insu de actionnaire bon;touriste dans la mesure où que;Arsinoe.Guyot@yahoo.fr;triangulaire;sage dîner;affable un peu;2024-02-13;../fake-data/blob/hipster.png;image/png
2;par suite de;parce que cocorico main-d’œuvre;Victor_Brun49@gmail.com;parce que;tellement sauf à malgré;assurément moderne spécialiste;2024-02-12;../fake-data/blob/hipster.png;image/png
3;conseil d’administration derrière triangulaire;pourrir communauté étudiante déceler;Amante_Fleury@yahoo.fr;apte impressionner;protéger;sus;2024-02-13;../fake-data/blob/hipster.png;image/png
4;absolument;restaurer entre;Firmin6@hotmail.fr;ronron miaou;continuer euh quand;rectangulaire;2024-02-13;../fake-data/blob/hipster.png;image/png
5;membre de l’équipe diminuer pour que;brusque;Bernadette.Lambert30@hotmail.fr;présidence actionnaire magnifique;triathlète redouter;debout;2024-02-13;../fake-data/blob/hipster.png;image/png
6;du côté de;relever surprendre patientèle;Anael18@gmail.com;planquer personnel;du fait que;tellement environ;2024-02-13;../fake-data/blob/hipster.png;image/png
7;pschitt;intrépide;Herve.Nicolas@yahoo.fr;pas mal vroum hé;ding;inspirer puis;2024-02-13;../fake-data/blob/hipster.png;image/png
8;d'avec;bang;Pie.Joly77@yahoo.fr;lectorat pff;nourrir;cocorico déjà en face de;2024-02-12;../fake-data/blob/hipster.png;image/png
9;depuis sous;placide;Guerin93@yahoo.fr;glouglou également intégrer;sans que assurer;altruiste rectorat pacifique;2024-02-13;../fake-data/blob/hipster.png;image/png
10;sans que tant;placide d'avec;Anaelle54@gmail.com;sauvage;dessous;au-dehors plutôt;2024-02-12;../fake-data/blob/hipster.png;image/png
