id;nom;page_fb;page_ig;email
1;boum revivre;déployer;rêver prout;Athina36@gmail.com
2;gens;à bas de;jamais réunir;Guyot.Laine57@gmail.com
3;glouglou;personnel perplexe;porte-parole;Sebastien_Roy@gmail.com
4;vouh plouf;contre équipe ding;jusqu’à ce que cocorico;Abigail_Fleury@gmail.com
5;y sur;du moment que même;au-dessus de hors de tantôt;Xenophon.Jean33@yahoo.fr
6;raconter raide;tic-tac revoir;conseil municipal songer;Maud_Poirier@hotmail.fr
7;oh terriblement;antagoniste abriter;responsable tic-tac collaborer;Sidoine_Picard@yahoo.fr
8;quand pourvu que;sincère;avant marron;Abelard75@hotmail.fr
9;battre triathlète;assez;touriste;Narcisse_Philippe94@hotmail.fr
10;enfin;badaboum tout à fait magenta;pourvu que;Leandre_Sanchez58@gmail.com
