id;prenom;nom;email;num_etudiant;num_tel;date_de_naissance;photo_de_profile;photo_de_profile_content_type
1;terriblement membre du personnel;à condition que selon comparer;Anthelmette_Dupuy@gmail.com;8385;regrouper;2024-02-13;../fake-data/blob/hipster.png;image/png
2;sauvegarder ça;hors;Amarande_Renault4@hotmail.fr;24634;totalement;2024-02-13;../fake-data/blob/hipster.png;image/png
3;délégation près de amuser;diplomate;Yseult.Morel80@gmail.com;20965;tant;2024-02-12;../fake-data/blob/hipster.png;image/png
4;chef de cuisine dedans innombrable;concernant rire;Leopold.Carre@yahoo.fr;3489;population du Québec secouriste dans la mesure où;2024-02-12;../fake-data/blob/hipster.png;image/png
5;pendant que;diplomate;Josephine.Giraud48@yahoo.fr;12107;communiquer gens;2024-02-13;../fake-data/blob/hipster.png;image/png
6;tellement;arrière;Toussaint32@yahoo.fr;23074;tourner;2024-02-13;../fake-data/blob/hipster.png;image/png
7;jeune dring;placide à l'exception de proche de;Alize_Renard@gmail.com;7808;dynamique immense;2024-02-13;../fake-data/blob/hipster.png;image/png
8;lectorat;secouriste;Theodore_Morel38@yahoo.fr;23522;zzzz tant hier;2024-02-13;../fake-data/blob/hipster.png;image/png
9;dès commis de cuisine élargir;après-demain;Astarte74@hotmail.fr;14751;près;2024-02-13;../fake-data/blob/hipster.png;image/png
10;tic-tac outre pendant que;oui participer ouin;Agathe18@yahoo.fr;3539;candide si;2024-02-12;../fake-data/blob/hipster.png;image/png
